Date,Day of Week,Daily Commits,Cumulative Commits,Daily Hours,Cumulative Hours,Daily Tickets,Cumulative Tickets,Velocity (Commits/Day),Commit Messages
2025-09-28,Sunday,2,2,0,0,0,0,2.00,refactor: Complete removal of 'id' references in animal endpoints; feat: Implement conversation history endpoints and fix animal ID parameter issue (PR003946-161-163)
2025-09-29,Monday,0,2,0,0,0,0,0.00,
2025-09-30,Tuesday,0,2,0,0,0,0,0.67,
2025-10-01,Wednesday,4,6,4,4,2,2,1.33,feat: Implement conversation/chat endpoints with ChatGPT integration; feat: Implement conversation history endpoints and fix animal ID parameter issue (PR003946-161-163) (#49); fix: Resolve CodeQL security issues and warnings
2025-10-02,Thursday,0,6,0,4,0,2,1.33,
2025-10-03,Friday,3,9,0,4,0,2,2.33,fix: Add --output json flag to DynamoDB AWS CLI commands in family management tests; fix: Resolve Semgrep format string vulnerability in familyApi.ts; feat: Add user population to Family Management and validate ChatGPT endpoints
2025-10-04,Saturday,1,10,0,4,0,2,1.33,fix: Update FamilyInput schema to use parentIds/studentIds consistently
2025-10-05,Sunday,8,18,0,4,0,2,4.00,fix: Upgrade dependencies to address CVE warnings (#52); fix: Upgrade dependencies to address CVE warnings; On feature/chat-implementation-chatgpt: WIP: Pre-merge cleanup
2025-10-06,Monday,0,18,0,4,0,2,3.00,
2025-10-07,Tuesday,1,19,0,4,0,2,3.00,feat: Add automated fix for recurring post-generation issues
2025-10-08,Wednesday,2,21,0,4,0,2,1.00,"feat: Add automated fix for recurring post-generation issues (#53); feat: Add ChatGPT epic generation, comprehensive documentation, and implementation modules"
2025-10-09,Thursday,0,21,4,8,0,2,1.00,
2025-10-10,Friday,7,28,0,8,0,2,3.00,fix(security): Implement defense-in-depth log injection protection; fix(security): Add log injection sanitization for user-provided values; docs: add security note about structured logging
2025-10-11,Saturday,0,28,0,8,0,2,2.33,
2025-10-12,Sunday,0,28,0,8,0,2,2.33,
